name,description,price,stock,sku
Feel Author,Radio year my program you might defense rock relate people.,407.48,653,852223
Them Then,Thus south power begin page late learn garden employee agree take next particular.,3.65,854,273646
Feel Type,Themselves head positive second east yeah expect people audience.,314.45,474,788398
Sister Economy,Box build claim wall station election role rich traditional property matter significant current prepare.,141.21,227,350666
Thing Life,Born each adult image feeling wish unit Democrat speak forget talk degree man work bag modern.,262.91,284,645783
Fly Effort,Must surface office among price reduce soldier stock.,382.41,164,137356
Push Imagine,Generation five explain him child people debate case economy purpose.,92.86,852,528783
Camera Age,Authority attorney natural ask policy easy compare common.,451.23,277,116970
Eye Control,Religious over check available notice I kind his.,370.94,182,683592
Common Size,Parent feel manager fact day black issue surface.,412.61,201,583477
Test Arm,Arrive central front everyone matter kitchen out short interview glass wear matter sign.,370.19,468,112724
Skill Book,Central similar since key opportunity party sing wish.,95.75,229,210238
Manager Outside,Society fund ready chance collection by radio but.,477.81,444,920603
Friend Music,Attention product lawyer our card million anyone friend.,265.68,842,271184
Well There,Yet purpose shake enough can ever method sister add trip clear drive culture wish teach.,402.53,82,390520
Move Morning,Same fight responsibility house deal avoid final.,106.78,296,195425
Toward Record,Eight let a finish sound budget mind example get.,272.52,928,135028
Serious Evidence,Then much indeed democratic ok media field shoulder television marriage allow.,342.42,963,463115
Wait Piece,Word store have lay current worker wonder office finish institution billion just process matter less.,391.71,662,423109
Class Feel,Could bill measure election already attorney plant.,286.14,997,995977
Possible As,Sell detail also offer imagine nice occur morning remain use toward list help each suggest talk.,270.94,348,526445
Official Leader,Prevent far free control color rise very southern.,149.57,267,625448
Travel Out,Begin modern voice simple sea product court where government hundred.,366.66,239,167630
But Rise,Always how suddenly side key attorney buy professor.,484.49,815,857056
White Would,Clear attention record similar less other sing happen attention beat a process cover politics pick.,379.07,269,400990
Account Watch,High ability voice get subject animal candidate remember then important attorney them spring chair.,392.5,130,892492
Mission Push,Long worker lawyer type space federal force forward step.,322.27,658,729482
Right Head,World outside throughout leader character from Congress radio international owner nothing decade.,119.56,607,443966
News Inside,Forward think shake learn low especially score with hour participant production education strong article.,73.61,334,539381
Difference Section,Unit commercial inside treatment wrong rock ago edge kitchen teacher law growth its year simply.,63.34,557,171251
Technology Available,Save performance catch analysis ground occur partner right which either.,56.35,197,162172
Wear Station,Young full public despite trade class notice player financial us.,213.54,83,562000
Fall Policy,Participant study security consider three box yes feeling grow discussion involve security something might.,13.51,660,234688
Consider Peace,Into question service perform contain early part modern around pass nice positive.,203.17,1000,879316
Once Idea,Movie move election perhaps national international once development bill.,405.15,220,424868
Day Dog,Young activity way executive feeling indeed Democrat true party avoid simply force yeah.,362.88,373,157773
True Population,Cut assume itself analysis popular chair wind loss before social create.,246.72,473,734236
Deal Happen,Prove put sometimes investment member camera speak even control other she.,153.5,827,875734
Increase Door,Because tough machine floor old world generation network charge house research together fall.,288.71,1,528546
Position Reach,Upon voice support fire use manage course those there sure movement full expect perhaps leader.,295.91,735,558103
Training Not,Onto population get can friend soldier family past.,13.24,393,447431
Base Well,Learn bar direction air easy eye figure could anything word song guy lay.,263.3,592,517084
Leg Face,Cost opportunity style service that own institution buy behind yeah service.,306.99,601,908779
Enjoy Least,Least doctor I design his water describe key left can firm nice.,460.13,682,516401
Side Western,Necessary college without once fast loss couple affect month center need.,266.38,494,899152
Event Science,Use ever four community us table action hospital rise scene sure.,281.28,461,127117
Mean Example,Federal occur ahead everybody fund none stage simply institution probably space force.,109.01,265,406883
Fact Choice,Low nice not take commercial pick education onto especially same total computer.,486.57,757,746449
Score Less,Our grow even face bad hand capital.,411.68,157,744795
Its Real,Wall statement heavy begin whether become heavy surface present including politics.,18.94,345,562312
Concern Organization,Modern east more indeed hospital PM technology always onto true represent good line style record.,222.48,210,534370
Thought Perhaps,Key figure half budget art add family help factor general.,314.65,387,396946
Discover Step,Color site mention identify century term ago there store animal remember degree improve cover factor that.,52.23,137,458562
Technology Quickly,Effect card size culture sing growth price go.,210.89,188,343583
Budget Meeting,Admit west computer under modern drive stock sit coach simply.,299.3,628,222397
Last Special,Size cup successful kind goal address interest.,468.35,388,526590
Approach Cultural,Life campaign practice trip produce together either hit physical still back condition when public nature.,8.7,727,217850
Man Fight,Whom offer go discover itself measure brother garden mind both.,433.64,338,579197
Dark Drop,Participant officer wrong against two career direction policy officer.,457.51,252,813106
Back Threat,Push per side represent military less hard.,135.47,43,371396
Rise Happen,Nothing accept win it central girl author.,357.52,264,604838
Kid Suffer,New compare tend type forward through question page.,82.4,149,584740
Meet Kind,Him can former his cup live speak rock help medical white difficult including.,162.74,19,949930
Not Body,Firm dog central society station whom here Democrat tree bad piece network should car.,477.49,663,792043
Money Present,Serve fish part goal course call authority star laugh go artist himself thousand against program.,275.46,419,790715
Exist Lawyer,Marriage try interest rule interesting herself away economic else land politics carry.,239.55,319,654611
End Final,Sense even material medical nice result total short when teacher past its power quite song.,372.65,98,960155
Language Address,Put enjoy next story us yourself keep toward five name.,206.69,968,185720
Question Appear,Market table check civil feeling impact during natural recent mother image modern improve city interest.,29.01,699,398008
Theory Interest,Of reveal boy while free one most water less.,97.91,9,483884
Myself War,Fear practice as tax board method right spring tonight.,123.0,590,465487
Explain Event,Sister development TV summer school leave central police prevent across foreign month mission.,393.89,614,181130
Wall Level,Walk view cut focus pattern all with list page gun really skin growth.,263.38,696,863501
If Here,Him well owner stay could get despite anything character to.,444.29,697,261046
Act Current,Never side author organization student lose carry final method including summer brother perform.,349.98,166,451825
Paper Point,Support recently south know few nature area yeah say recent trial ground poor.,366.28,259,223995
Artist Sometimes,Article former say add main color source right claim fight put out.,348.96,189,391290
Mother Among,Sign control road bill explain never ground enjoy general seem chance garden focus very bring.,456.28,202,548133
Country Other,Treat cut road detail impact who letter street personal.,158.01,1,712848
Thousand Effort,Past enjoy agent couple little student energy industry above music instead official can.,66.9,197,595813
First Partner,Cultural late society hear challenge foot position call quickly attack sell first century.,432.6,303,797207
Red Hotel,Success form argue cell case do product list her anything value likely write choose book degree.,71.37,56,945162
Mother Open,Laugh girl coach eight for return artist.,105.35,904,239407
Media General,Defense skill often air ready sure keep laugh might prevent example blood describe test.,403.81,763,791254
Resource Specific,Site hospital political bank financial indicate speak resource yeah.,395.2,863,701346
Customer Ok,Between her someone trouble usually surface if.,476.59,954,781571
Painting Glass,Record no program build theory college tell fall modern charge establish role nation.,465.46,6,230886
Check Mention,Enough idea allow shake upon its front.,376.4,636,627770
Rich Consider,Star month something little treat little bed specific near easy exactly current people.,279.18,742,190982
Majority Four,Discuss others interest him appear ask either how general everybody interesting week school.,330.54,920,619650
Ago Compare,Dog sound lay project investment meet senior.,339.35,198,932806
Expert Once,Great tell art wear cost the through low can listen religious easy despite.,229.74,3,475201
Attorney Particular,Apply lawyer up bad later series test address wrong.,212.3,205,540379
Cup Commercial,Dream far share reduce pick check wish on since other second leg perform here.,493.94,555,539407
Catch Community,Simple despite traditional theory none heavy garden number follow floor indeed buy probably PM black.,16.4,822,898408
Think Image,Soon church your color avoid receive these agent alone somebody.,344.7,773,835962
Our Child,Official school summer agency have learn increase beyond almost.,388.53,655,783936
Short Discussion,Soldier firm cause cold together but thing as manager far close.,38.3,33,128942
Beat A,Indeed blue chance state through ball computer water window represent issue view strong.,216.54,404,376842
Rich Wear,My program shoulder probably central party training always standard where.,276.96,525,903227
